{"loss": [5.961570739746094, 3.5785670280456543, 3.56821608543396, 3.5590944290161133, 3.528860569000244, 3.4915196895599365, 3.4584548473358154, 3.405186176300049, 3.281122922897339, 3.249889612197876, 3.1078760623931885, 2.9978837966918945, 2.8475358486175537, 2.6815731525421143, 2.560037851333618, 2.364670753479004, 2.1662309169769287, 2.099853992462158, 1.9144539833068848, 1.7117372751235962, 1.6555382013320923, 1.5020753145217896, 1.4021849632263184, 1.2765332460403442, 1.2348328828811646, 1.1264185905456543, 1.0092499256134033, 0.9582375288009644, 0.8550124168395996, 0.7848120927810669, 0.7900276184082031, 0.7241665124893188, 0.6645157337188721, 0.6388474702835083, 0.5860276222229004, 0.49295616149902344, 0.4362824261188507, 0.40985143184661865, 0.3589787781238556, 0.38432231545448303, 0.3715917468070984, 0.2859989404678345, 0.3245895802974701, 0.2722059488296509, 0.24127793312072754], "accuracy": [0.02666238322854042, 0.02762608416378498, 0.044008996337652206, 0.041117891669273376, 0.05011243000626564, 0.06874397397041321, 0.07548987865447998, 0.0902666226029396, 0.1259235441684723, 0.13588178157806396, 0.16864760220050812, 0.19434629380702972, 0.23803405463695526, 0.2830067574977875, 0.30581432580947876, 0.3674911558628082, 0.4140700399875641, 0.4256344437599182, 0.4847414195537567, 0.5274654626846313, 0.5566977262496948, 0.5888210535049438, 0.6247992515563965, 0.653389036655426, 0.6646322011947632, 0.6938644647598267, 0.7243816256523132, 0.7398008108139038, 0.761002242565155, 0.7834885716438293, 0.7854160070419312, 0.8075811266899109, 0.8207516670227051, 0.8255701661109924, 0.8512688875198364, 0.8734340071678162, 0.877288818359375, 0.8904593586921692, 0.9042723774909973, 0.8972052931785583, 0.909412145614624, 0.926437497138977, 0.9126244783401489, 0.9293286204338074, 0.937038242816925], "val_loss": [3.5771188735961914, 3.5691182613372803, 3.5216245651245117, 3.4805333614349365, 3.4666647911071777, 3.4489638805389404, 3.365537405014038, 3.2165822982788086, 3.059737205505371, 2.8998019695281982, 2.6042754650115967, 2.5439612865448, 2.278536081314087, 2.263366937637329, 1.9166020154953003, 1.9166600704193115, 1.56969153881073, 1.4510586261749268, 1.3079665899276733, 1.2011799812316895, 1.1731351613998413, 1.0333088636398315, 1.0840591192245483, 1.0036582946777344, 0.8808098435401917, 0.8608137369155884, 0.7883949279785156, 0.7203101515769958, 0.7713556885719299, 0.6828516721725464, 0.5455065369606018, 0.5777694582939148, 0.5554351210594177, 0.5700462460517883, 0.5284456610679626, 0.46185973286628723, 0.4914461374282837, 0.4405280649662018, 0.5452847480773926, 0.6327652335166931, 0.49460187554359436, 0.41330602765083313, 0.43943533301353455, 0.5153854489326477, 0.3754672706127167], "val_accuracy": [0.03418803587555885, 0.04273504391312599, 0.056980058550834656, 0.0655270665884018, 0.07977207750082016, 0.09971509873867035, 0.1538461595773697, 0.19088318943977356, 0.22507122159004211, 0.2649572789669037, 0.32478633522987366, 0.4017094075679779, 0.4273504316806793, 0.4643874764442444, 0.5527065396308899, 0.5584045648574829, 0.6467236280441284, 0.6723646521568298, 0.7150996923446655, 0.7293447256088257, 0.7635327577590942, 0.7749287486076355, 0.7435897588729858, 0.7920227646827698, 0.7948718070983887, 0.8205128312110901, 0.8376068472862244, 0.8547008633613586, 0.8461538553237915, 0.8660968542098999, 0.9088318943977356, 0.9002848863601685, 0.8917378783226013, 0.9145299196243286, 0.934472918510437, 0.9373219609260559, 0.9316239356994629, 0.9316239356994629, 0.94017094373703, 0.9430199265480042, 0.9515669345855713, 0.9544159770011902, 0.9572649598121643, 0.9544159770011902, 0.945868968963623]}